t,v,theta,x,y
0,8.94,63.4,0,0
0.1,8.94,63.4,0.404731,0.740347
0.2,8.94,63.4,0.800349,1.38249
0.3,8.94,63.4,1.17928,1.93416
0.4,8.94,63.4,1.56923,2.37687
0.5,8.94,63.4,1.9616,2.70341
0.6,8.94,63.4,2.34156,2.94354
0.7,8.94,63.4,2.72002,3.06893
0.8,8.94,63.4,3.09716,3.10138
0.9,8.94,63.4,3.47015,3.09218
1,8.94,63.4,3.86619,2.91732